NO,中分類,中分類の説明,大分類,大分類の説明
1,インターネットアプリケーション運営,この業界では、インターネット上で様々なサービスを提供するWebアプリケーションを企画、開発、運営します。具体的には、ECサイト、SNS、情報ポータルサイト、予約システムなど、クラウドベースのソフトウェアやモバイルアプリケーション、SaaS（Software as a Service）など、多岐にわたるサービスを扱っています。,ITサービス,インターネット上で動作するアプリケーションサービスの提供
2,ソフトウェア開発,企業や組織の業務効率化や問題解決を目的としたシステムを開発する業界。顧客の要望に応じたオーダーメイドシステムや、特定の業務に特化したパッケージシステム、カスタムソフトウェア、エンタープライズシステム、モバイルアプリケーションなどを提供。,ITサービス,コンピュータシステムの設計、開発、保守を行うサービス
3,デジタルコンテンツ制作,デジタル形式で提供される様々なコンテンツを制作・配信する業界。音楽、動画、電子書籍、ゲーム、Webサイト、ポッドキャスト、オンラインゲームなど、多岐にわたるコンテンツを制作、配信。,デジタルコンテンツ,デジタルメディアを活用したコンテンツの制作と配信
4,ITインフラ運用,ITシステムの基盤となるハードウェアやソフトウェア、ネットワークなどを提供・運用する業界。サーバー、ストレージ、データベース、クラウドサービスの構築、管理、運営を含む。,ITサービス,IT基盤の設計、構築、運用
5,ソフトウェア流通,他の企業が開発したソフトウェアを仕入れ、販売や導入支援を行う業界。特定の業界や業務に特化したソフトウェア、ERP（Enterprise Resource Planning）システム、CRM（Customer Relationship Management）システム、オフィススイートなどを取り扱う。,ITサービス,ソフトウェアの卸売および流通
6,クラウドサービス・フィンテック,クラウドコンピューティング技術を活用したサービスや、金融(Finance)と技術(Technology)を融合させた革新的なサービスを提供する業界。クラウドストレージ、仮想サーバー、オンラインバンキング、決済プラットフォームなどが含まれる。,ITサービス,クラウドサービスおよび金融技術を提供する企業
7,情報セキュリティサービス,企業や組織の情報をサイバー攻撃などの脅威から守るための製品やサービスを提供する業界。セキュリティソフト、ファイアウォール、セキュリティコンサルティング、暗号化ソフトウェア、セキュリティ監査などを提供。,ITサービス,情報の保護とセキュリティの管理
8,電子商取引,インターネット上で商品やサービスを販売する業界。自社サイトでの販売や、Amazon、楽天市場などのECモールへの出店、ウェブサイトやモバイルアプリを通じて、様々なカテゴリーの商品を販売し、配送サービスを提供。,ITサービス,インターネット上での商品の販売と購入
9,総合電子商取引,多様な商品カテゴリを取り扱う大規模なオンラインストアを運営する業界。家電、ファッション、食品、日用品など、幅広い商品を取り扱う総合的なオンラインショッピングプラットフォームを運営。,ITサービス,多様な商品やサービスを提供するオンラインプラットフォーム
10,ゲームソフト開発,コンピュータゲームやモバイルゲームを開発する業界。家庭用ゲーム機向け、スマートフォン向け、PC向けなど、様々なプラットフォームに対応したゲームを企画、開発、販売。ゲームエンジンやグラフィックス開発も行う。,デジタルコンテンツ,コンピュータゲームの企画、制作、販売
11,ソーシャルゲーム運営,ソーシャルネットワーキングサービス(SNS)上でプレイできるゲームやSNSを提供する業界。友人との交流や競争要素を取り入れたソーシャルゲーム、ユーザー同士のコミュニケーションやゲーム内での交流を促進するプラットフォームを運営。,デジタルコンテンツ,ソーシャルネットワーク上でのゲーム開発と運営
12,ゲーム・アニメーションデザイン,ゲームキャラクターやアニメーションの制作を行う業界。デザインだけでなく、モデリング、モーション制作、背景美術制作、ビジュアルエフェクトなど、幅広い業務を行う。,デジタルコンテンツ,ゲームとアニメのデザイン制作
13,出版業,書籍の企画、編集、制作、販売を行う業界。小説、ビジネス書、実用書、絵本、フィクション、ノンフィクション、専門書、教科書など、様々なジャンルの書籍を出版し、流通させる。,出版・メディア,書籍の企画、制作、販売
14,新聞業,日々のニュースや情報を伝える新聞を発行する業界。全国紙、地方紙、専門紙など、国際、国内、地域のニュース、社説、特集記事、広告などを定期的に制作、販売。,出版・メディア,ニュースと情報の収集、制作、発行
15,テレビ番組制作,テレビ番組の企画、制作、放送を行う業界。ドラマ、バラエティ、ドキュメンタリー、ニュース、スポーツ中継など、様々なジャンルや形式の番組を制作、提供。,出版・メディア,テレビ番組の企画、制作、放送
16,雑誌出版,定期刊行物の雑誌を発行する業界。ファッション誌、週刊誌、月刊誌、専門誌、ライフスタイル、ビジネス、スポーツなど、多岐にわたるジャンルの雑誌を編集、発行。,出版・メディア,雑誌の企画、制作、販売
17,ラジオ番組制作,ラジオ番組の企画、制作、放送を行う業界。音楽番組、トーク番組、ニュース番組、情報番組、スポーツ解説など、様々なジャンルや形式の番組を制作、提供。,出版・メディア,ラジオ番組の企画、制作、放送
18,放送業,テレビやラジオの放送を行う業界。番組の制作だけでなく、電波送信設備の運用も行い、ニュース、エンターテインメント、教育番組など、幅広いコンテンツを提供。,出版・メディア,ラジオやテレビの放送業務
19,樹脂製品製造,プラスチックなどの樹脂を原料とした製品を製造する業界。日用品、工業製品、自動車部品、家電製品、家庭用品、医療機器など、幅広い製品を製造。,製造業,樹脂を使用した製品の製造
20,肥料・農薬製造,農作物の生育を促進するための肥料や、病害虫を防除するための農薬を製造する業界。有機質肥料、化学肥料、殺虫剤、除草剤など、農業に使用する様々な製品を製造し、作物の成長を促進し、病害虫から保護。,製造業,農業用肥料と農薬の製造
21,塗料製造,建築物や工業製品の表面を保護・美装するための塗料を製造する業界。水性塗料、油性塗料、ラッカー塗料、自動車用、家庭用、工業用など、幅広い用途に対応する塗料を生産し、色彩や防錆などの機能を提供。,製造業,塗料およびコーティング製品の製造
22,化学製品製造,工業製品や日用品の原料となる様々な化学物質を製造する業界。有機化学品、無機化学品、高分子化合物など、幅広い種類の化学物質を製造し、幅広い製品に応用される。,製造業,化学製品の製造
23,接着剤製造,物質同士を接着するための接着剤を製造する業界。瞬間接着剤、エポキシ接着剤、木工用ボンドなど、産業用、家庭用の接着剤やシーラントを開発、供給。,製造業,接着剤の製造
24,IT教育,ITに関する知識やスキルを習得するための教育を提供する業界。プログラミングスクール、Webデザインスクール、IT資格取得講座、データサイエンス、ネットワーク管理など、多岐にわたる専門知識を教える。,教育サービス,ITスキルや知識を提供する教育サービス
25,学習塾・予備校,学習塾や予備校を運営する業界。受験対策、補習、学力向上を目的とした様々なコースを提供し、個別指導やグループレッスンを通じて生徒の進学や試験対策を支援。,教育サービス,学生向けの学習支援と試験対策
26,教材販売,学習教材を開発・販売する業界。教科書、参考書、問題集、ドリル、映像教材、学習ソフトウェアなど、様々な種類の教材を製造、販売し、教育機関で使用される。,教育サービス,教材の企画、制作、販売
27,児童保育サービス,保育園や幼稚園を運営し、幼児や児童の保育や教育を行う業界。保育園、託児所、プリスクールなどを運営し、子供たちに安全で教育的な環境を提供。,教育サービス,子供向けの保育サービス
28,資格取得支援,資格取得のための講座や教材を提供する業界。国家資格、民間資格、検定など、専門的な資格取得を目指すコースや模擬試験を含む、様々な資格に対応した講座を提供。,教育サービス,資格試験の準備と支援
29,語学教育,語学学習のための講座や教材を提供する業界。英会話教室、オンライン英会話、語学留学、英語、日本語、中国語など、多様な言語の学習プログラムを展開。,教育サービス,語学の学習とトレーニング
30,学校運営,小学校、中学校、高等学校、大学などを運営し、初等教育から高等教育までの教育カリキュラムを提供する業界。,教育サービス,教育を提供する学校機関
31,看板制作,屋外広告用の看板を制作・設置する業界。電飾看板、LED看板、ネオンサイン、デジタルサイネージなど、様々な種類の看板をデザイン、製作、提供。,広告・マーケティング,看板の制作と設置
32,インターネット広告代理業,インターネット広告の企画・制作・運用を行う業界。リスティング広告、ディスプレイ広告、SNS広告、検索エンジン広告、ソーシャルメディア広告など、多様なインターネット広告を企画、運営。,広告・マーケティング,インターネット上での広告キャンペーンの管理
33,広告代理業,広告主の代わりに広告の企画・制作・メディアバイイングを行う業界。テレビCM、新聞広告、雑誌広告、Web広告、ラジオ広告など、多様な広告媒体を通じて広告主のプロモーションを支援。,広告・マーケティング,広告キャンペーンの計画、実行、管理
34,印刷業,チラシ、パンフレット、ポスター、カタログなどの紙媒体を印刷する業界。オフセット印刷、オンデマンド印刷などの方式を用いて、書籍、雑誌、パンフレット、カタログなどの高品質な印刷物を提供。,広告・マーケティング,印刷物の企画、制作、販売
35,電子商取引,インターネット上で商品やサービスを販売する業界。自社サイトでの販売や、Amazon、楽天市場などのECモールへの出店、ウェブサイトやモバイルアプリを通じて、様々なカテゴリーの商品を販売し、配送サービスを提供。,ITサービス,インターネット上での商品の販売と購入
36,家具販売業,テーブル、椅子、ソファ、ベッドなどの家具を販売する業界。自社ブランドの家具を製造・販売するメーカーや、様々なメーカーの家庭用やオフィス用家具を取り扱う小売店があり、ソファ、テーブル、椅子、収納家具など、多様なデザインと機能を持つ家具を提供。,小売業,家具の販売と流通
37,小売業,商品を消費者に直接販売する小売店舗業界。コンビニエンスストア、スーパーマーケット、百貨店、専門店など、食料品、衣料品、電化製品、家庭用品、化粧品、雑貨など、日常的に消費される様々な商品を提供し、物理的な店舗やオンライン販売チャネルを通じて商品を販売。,小売業,小売業を営む店舗
38,リサイクル店,中古品を買い取り、販売する業界。家電、家具、衣類、ブランド品、古着、電化製品など、様々な商品の中古品をリサイクルし、再利用して再販することで持続可能な消費を促進。,小売業,リサイクル品の販売と取引
39,パソコン・スマートフォン販売,パソコン、スマートフォン、タブレットなどのデジタル機器を販売する業界。メーカー直営店、家電量販店、専門店で、ノートパソコン、デスクトップ、タブレット、スマートフォンなどの最新の電子機器を提供。,小売業,パソコンおよびスマートフォン機器の販売
40,医薬品販売業,医薬品を販売する業界。調剤薬局、ドラッグストアで、処方薬、一般用医薬品、ビタミンサプリメントなどの薬剤や健康関連製品を提供し、顧客の健康を支援。,小売業,医薬品の販売
41,携帯電話・通信回線代理店,携帯電話やスマートフォンの販売、通信回線の契約手続きを行う業界。キャリアショップや家電量販店で、スマートフォン、モバイルデータプラン、インターネットサービスプロバイダの契約を仲介。,小売業,携帯電話および通信回線の販売
42,雑貨販売業,生活雑貨、インテリア雑貨、キッチン雑貨、ファッション雑貨などを販売する業界。専門店、セレクトショップ、バラエティショップで、家庭用品、インテリアグッズ、文房具、ギフトアイテムなど、日常生活に必要な多様な商品を取り扱う。,小売業,雑貨の販売
43,ガソリンスタンド,ガソリン、軽油、灯油などの燃料を販売する業界。ガソリンスタンドを運営し、洗車サービスやオイル交換などの車両メンテナンスサービスも提供して、ドライバーのニーズに応える。,小売業,ガソリンおよび自動車関連サービスの提供
44,スポーツ用品販売業,スポーツウェア、スポーツシューズ、スポーツ用品を販売する業界。専門店、総合スポーツ用品店、百貨店で、フィットネス機器、運動用アパレル、スポーツアクセサリーなど、アクティブなライフスタイルをサポートする商品を提供。,小売業,スポーツ用品の販売
45,化粧品販売業,化粧品、スキンケア用品、ヘアケア用品などを販売する業界。デパート、ドラッグストア、専門店で、スキンケア、メイクアップ、香水、ヘアケア製品など、個人の美しさと健康を引き出す商品を提供。,小売業,化粧品の販売
46,中古車販売,中古車を販売する業界。ディーラー系中古車販売店、独立系中古車販売店で、自動車ディーラーやオークションを通じて、品質の良い中古車を提供し、顧客のニーズに応える。,小売業,中古車の販売
47,食品販売,食料品を販売する業界。スーパーマーケット、コンビニエンスストア、専門店で、食品や飲料の販売を行い、新鮮な食材、調理済み食品、デリカテッセンアイテムなど、多様な商品を提供。,小売業,食品の販売
48,婦人服販売,女性向けの衣料品を販売する業界。百貨店、ファッションビル、専門店で、最新のファッションアイテム、カジュアルウェア、フォーマルウェアなど、多様なスタイルを提供。,小売業,レディースアパレルの販売
49,花屋,切り花、鉢植え、観葉植物などを販売する業界。フラワーアレンジメントやブーケの制作も行い、生花、観葉植物、ガーデニング用品など、美しい花や緑を提供して顧客の生活空間を彩る。,小売業,花の販売
50,ペット販売,ペットの販売、ペット用品の販売、ペットホテル、トリミングサロンなどのサービスを提供する業界。犬、猫、小動物、鳥類、魚類など、ペットフード、アクセサリー、ケア用品を提供。,小売業,ペットおよび動物関連商品の販売
51,子供服販売店,子供向けの衣料品を販売する業界。乳幼児向け、小学校低学年向け、高学年向けなど、年齢層に合わせたベビー服、キッズウェア、アクセサリーなど、可愛らしくて機能的な衣料品を提供。,小売業,子供向けアパレルの販売
52,新車販売業,新車を販売する業界。メーカー直営店、ディーラー、自動車販売店で、自動車ディーラーが新車を提供し、購入者に最新の車両モデルを紹介、販売。,小売業,新車の販売
53,輸入雑貨販売,海外から輸入した雑貨を販売する業界。インテリア雑貨、キッチン雑貨、ファッション雑貨、食品など、ユニークなインテリアグッズ、ファッションアイテム、ギフト商品など、異国の文化を感じさせる商品を提供。,小売業,輸入雑貨の販売
54,美容用品販売,化粧品、美容家電、ヘアケア用品、ボディケア用品などを販売する業界。ドラッグストア、バラエティショップ、専門店で、美容に関連するスキンケアツール、マッサージ機器、美容機器など、個人の美容ケアをサポートする商品を提供。,小売業,美容関連商品の販売
55,紳士服販売,男性向けの衣料品を販売する業界。百貨店、ファッションビル、専門店で、スーツ、カジュアルウェア、スポーツウェアなど、スタイリッシュで機能的な衣料品を提供。,小売業,メンズアパレルの販売
56,宝飾品販売店,指輪、ネックレス、ピアス、ブレスレットなどの宝飾品を販売する業界。貴金属、宝石、ブランドジュエリーなど、特別な機会や日常使いに適した美しいジュエリーを提供。,小売業,ジュエリーの販売
57,自動車部品販売,自動車部品、カー用品、カーアクセサリーなどを販売する業界。カー用品店、ホームセンター、専門店で、エンジン部品、タイヤ、アクセサリーなど、車両の保守や改造に必要な製品を提供。,小売業,自動車部品の販売
58,お土産販売,贈答品、記念品、お土産などを販売する業界。百貨店、専門店、観光地土産物店で、地域の特産品や観光土産を販売し、伝統工芸品、地元の食品、ギフトアイテムなど、旅行者に人気の商品を提供。,小売業,お土産やギフト商品の販売
59,書籍・メディア販売,書籍、雑誌、CD、DVD、ブルーレイなどを販売する業界。書店、CDショップ、レンタルショップで、小説、専門書、雑誌、DVD、CDなど、多様なメディアコンテンツを提供。,小売業,書籍およびメディア商品の販売
60,乳製品宅配サービス,牛乳、ヨーグルト、チーズなどの乳製品を定期的に自宅まで配送するサービスを提供する業界。新鮮な牛乳、ヨーグルト、チーズなどを定期的に顧客の自宅に配送。,小売業,乳製品の宅配サービス
61,スーパーマーケット,食料品、日用品、衣料品など、多様な商品を販売する大型小売店。生鮮食品、加工食品、飲料、調味料、洗剤、トイレットペーパー、衣類、家電製品など、日常生活に必要な幅広い商品を提供。,小売業,スーパーマーケットの運営
62,スポーツ用品販売,スポーツウェア、スポーツシューズ、スポーツ用品などを販売する業界。野球、サッカー、テニス、ゴルフ、ランニングなど、様々なスポーツに対応したトレーニング機器、スポーツウェア、アクセサリーなどを提供し、アクティブなライフスタイルをサポート。,小売業,スポーツ用品の販売
63,ギフト販売,贈答品、記念品、お土産などを販売する業界。菓子、食品、雑貨、工芸品、地域の特産品や観光土産、伝統工芸品、地元の食品、ギフトアイテムなど、旅行者に人気の商品を提供。,小売業,お土産やギフト商品の販売
64,眼鏡・コンタクトレンズ製造,眼鏡やコンタクトレンズを製造する業界。視力矯正のためのレンズや視力補正用のレンズだけでなく、ファッションアイテムとしてのフレームやアクセサリーなど、視覚の質を向上させる製品を提供。,製造業,眼鏡およびコンタクトレンズの製造
65,雑貨製造,生活雑貨、インテリア雑貨、キッチン雑貨、ファッション雑貨などを製造する業界。家庭用品、文房具、インテリアアクセサリー、ギフトアイテムなど、多様な素材やデザインの商品を製造し、日常生活を彩る製品を提供。,製造業,雑貨の製造
66,玩具製造販売,子供向けの玩具を製造・販売する業界。人形、ぬいぐるみ、ブロック、ゲーム、プラモデル、教育的な玩具、パズル、アクションフィギュア、ボードゲームなど、楽しく学べる様々な種類の玩具を提供。,製造業,玩具の製造および販売
67,美術工芸品販売,絵画、彫刻、陶芸品、漆器、織物など、美術的価値や工芸的価値のある作品を制作・販売する業界。美術品や工芸品を製造し、絵画、彫刻、陶器、ガラス製品など、芸術的価値のある製品を提供。,製造業,美術品および工芸品の製造および販売
68,オフィス用品販売,事務用品、文房具、OA機器、オフィス家具などを販売する業界。オフィス環境を整備するための文房具、オフィス家具、電子機器など、業務効率を向上させる製品を提供。,製造業,オフィス用品の製造および販売
69,トイレタリー製品販売,シャンプー、リンス、石鹸、ボディソープ、歯磨き粉などのトイレタリー製品を製造・販売する業界。トイレットペーパー、ペーパータオル、ティッシュ、クリーナーなど、清潔な生活をサポートする製品を提供。,製造業,トイレタリー製品の製造および販売
70,家具製造,テーブル、椅子、ソファ、ベッドなどの家具を製造する業界。木製家具、金属製家具、プラスチック製家具などの家庭用やオフィス用の家具を製造し、ソファ、テーブル、椅子、収納家具など、多様なデザインと機能を持つ家具を提供。,製造業,家具の製造
71,日用品製造,洗剤、トイレットペーパー、ティッシュペーパー、キッチンペーパー、ラップなどの日用品を製造する業界。家庭用洗剤、パーソナルケア製品、台所用品など、日常生活で使用する便利で使いやすい製品を提供。,製造業,日用品の製造
72,ベビー用品製造,ベビー服、ベビーカー、チャイルドシート、哺乳瓶、おむつなどのベビー用品を製造する業界。赤ちゃんや幼児向けのベビー服、おもちゃ、育児用品など、安全で機能的な製品を提供。,製造業,ベビー用品の製造
73,仏具販売,仏壇、仏具、線香、ろうそくなどの仏具を製造・販売する業界。仏壇、仏像、ろうそく、線香など、宗教儀式や家庭での供養に使用される製品を提供。,製造業,仏具の製造および販売
74,文房具販売,ペン、鉛筆、ノート、ファイル、消しゴムなどの文房具を製造・販売する業界。ペン、ノート、ファイル、ステーショナリーアクセサリーなど、日常生活や業務で使用される製品を提供。,製造業,文房具の製造および販売
75,店舗用家具販売,店舗用の什器、陳列棚、ショーケースなどを製造・販売する業界。店舗や商業施設で使用される陳列棚、カウンター、什器、レストラン用家具など、商業スペースを効率的に活用する製品を提供。,製造業,店舗用家具の製造および販売
76,タバコ製造販売,タバコを製造・販売する業界。紙巻タバコ、加熱式タバコ、葉巻、電子タバコなど、様々な種類のタバコ製品を提供。,製造業,タバコの製造および販売
77,家電製品販売,テレビ、冷蔵庫、洗濯機、エアコン、掃除機などの家電製品を製造・販売する業界。家庭用や商業用の冷蔵庫、洗濯機、テレビ、エアコンなど、生活を便利にする電化製品を提供。,製造業,家電製品の製造および販売
78,照明器具製造販売,照明器具を製造・販売する業界。シーリングライト、ペンダントライト、スタンドライト、スポットライト、家庭用、オフィス用、商業施設用のランプ、LED照明、デコレーションライトなど、多様な照明ソリューションを提供。,製造業,照明器具の製造および販売
79,音響・映像機器製造販売,スピーカー、アンプ、レコーダー、プロジェクターなどの音響・映像機器を製造・販売する業界。スピーカー、ヘッドホン、マイクロフォン、カメラ、プロジェクターなど、高品質な音響と映像体験を提供。,製造業,音響機器および映像機器の製造および販売
80,再生可能エネルギー供給,太陽光発電、風力発電、水力発電、地熱発電、バイオマス発電などの再生可能エネルギーを利用した発電事業を行う業界。再生可能エネルギーの技術とソリューションを提供し、持続可能なエネルギーを提供。,エネルギー,再生可能エネルギーの供給と管理
81,ガス・燃料製品製造採掘,都市ガス、LPガス、石油、石炭などの燃料を供給する業界や、それらの資源を採掘する業界。ガスや燃料製品を採掘、加工、供給し、天然ガス、プロパン、石油、バイオ燃料など、エネルギー供給を支える製品を提供。,エネルギー,ガスおよび燃料製品の製造と採掘
82,資産運用コンサルティング,個人や企業の資産運用に関するコンサルティングを行う業界。投資信託、株式、債券、不動産などの投資対象に関するアドバイスを提供し、投資戦略、ポートフォリオ管理、リスク評価など、資産の最大化をサポート。,コンサルティング,資産運用に関するコンサルティング
83,経営コンサルティング,企業の経営に関するコンサルティングを行う業界。経営戦略、組織改革、業務改善、マーケティング、業務効率化、戦略立案など、経営全般に関する助言を提供。,コンサルティング,経営に関するコンサルティング
84,財務コンサルティング,企業の財務に関するコンサルティングを行う業界。資金調達、財務分析、会計処理、税務対策、予算管理など、企業の財務健全性を支援。,コンサルティング,財務に関するコンサルティング
85,ウェブマーケティングコンサルティング,Webマーケティングに関するコンサルティングを行う業界。SEO対策、Web広告運用、コンテンツマーケティング、ソーシャルメディア戦略など、様々なWebマーケティング施策に関するアドバイスを提供し、オンラインプレゼンスの向上を支援。,コンサルティング,Webマーケティングに関するコンサルティング
86,組織運営コンサルティング,企業の組織に関するコンサルティングを行う業界。組織開発、人事制度設計、人材育成、リーダーシップ開発、チームビルディング、変革管理など、様々な分野のコンサルティングを提供し、組織のパフォーマンス向上を支援。,コンサルティング,組織運営に関するコンサルティング
87,販売促進コンサルティング,企業の販売促進に関するコンサルティングを行う業界。広告戦略、PR戦略、イベント企画、キャンペーン企画、プロモーション戦略、マーケットリサーチ、広告キャンペーンの最適化など、販売活動を支援。,コンサルティング,販売促進に関するコンサルティング
88,不動産コンサルティング,不動産に関するコンサルティングを行う業界。不動産投資、不動産開発、不動産管理、不動産売買、物件管理、開発計画など、土地と建物に関する専門知識を提供。,コンサルティング,不動産に関するコンサルティング
89,土木工事コンサルティング,土木工事に関するコンサルティングを行う業界。道路、橋梁、トンネル、ダムなどの設計、施工管理、維持管理、インフラプロジェクト、建設計画、環境影響評価などに関するアドバイスを提供し、公共および民間の土木プロジェクトを支援。,コンサルティング,土木工事に関するコンサルティング
90,製造業コンサルティング,製造業に関するコンサルティングを行う業界。生産管理、品質管理、工程改善、コスト削減、生産効率の改善、サプライチェーン管理など、様々な分野のコンサルティングを提供し、製造プロセスの最適化を支援。,コンサルティング,製造業に関するコンサルティング
91,医療コンサルティング,医療機関に関するコンサルティングを行う業界。病院経営、診療報酬請求、医療情報システム導入、医療機関開業支援、医療サービスの改善、患者ケアの向上、経営管理など、様々な分野のコンサルティングを提供し、医療分野の専門的助言を提供。,コンサルティング,医療に関するコンサルティング
92,広告運用コンサルティング,広告運用に関するコンサルティングを行う業界。Web広告、SNS広告、動画広告など、様々な広告媒体の運用に関するアドバイスを提供し、デジタル広告キャンペーンの管理、効果測定、広告投資の最大化を支援。,コンサルティング,広告運用に関するコンサルティング
93,コスト削減コンサルティング,企業のコスト削減に関するコンサルティングを行う業界。原価削減、経費削減、物流コスト削減、エネルギーコスト削減、業務プロセスの効率化、購買コストの見直し、運用コストの削減など、様々な分野のコスト削減に関するアドバイスを提供し、経費管理を支援。,コンサルティング,コスト削減に関するコンサルティング
94,起業コンサルティング,起業に関するコンサルティングを行う業界。事業計画作成、資金調達、マーケティング戦略、創業手続き、ビジネスモデルの開発、資金調達支援、起業家育成など、様々な分野のコンサルティングを提供し、スタートアップの成功を支援。,コンサルティング,起業に関するコンサルティング
95,飲食業コンサルティング,飲食店に関するコンサルティングを行う業界。店舗経営、メニュー開発、集客戦略、従業員教育、レストラン運営の最適化、メニュー開発、顧客体験の向上など、様々な分野のコンサルティングを提供し、飲食ビジネスの成功を支援。,コンサルティング,飲食業に関するコンサルティング
96,総合コンサルティング,経営、財務、人事、IT、マーケティングなど、幅広い分野のコンサルティングを行う業界。企業の抱える様々な課題に対して、総合的な解決策を提案し、戦略、運営、技術など、企業のあらゆるニーズに対応するサービスを提供。,コンサルティング,総合的なコンサルティングサービス
97,高齢者福祉サービス,高齢者の生活を支援するためのサービスを提供する業界。介護サービス、デイサービス、老人ホーム、訪問介護、介護施設、在宅介護サービス、シニアコミュニティなど、高齢者の生活支援を行う。,医療・福祉,高齢者向けの福祉サービス
98,障害者福祉サービス,障害者の生活を支援するためのサービスを提供する業界。就労支援、生活支援、相談支援、グループホーム、特別支援学校、就労支援サービス、リハビリテーション施設など、障害者の自立と社会参加を支援。,医療・福祉,障害者向けの福祉サービス
99,薬品製造,医薬品を研究開発、製造、販売する業界。新薬開発、ジェネリック医薬品製造、医薬品卸売、新薬の開発、ジェネリック薬の製造、医薬品の流通を通じて、健康の維持と改善に寄与。,医療・福祉,薬品の開発、製造、および販売
100,調剤薬局,医師の処方箋に基づき、薬剤師が調剤を行い、患者に薬を提供する薬局。処方薬や医療製品を取り扱い、患者への薬の調剤、健康アドバイス、処方薬の管理を行い、地域の健康を支援。,医療・福祉,調剤薬局の運営
101,児童福祉サービス,児童養護施設や児童相談所を運営し、虐待やネグレクトなど困難な状況にある子どもたちを保護・支援する業界。子供たちが安全で健全に成長できるようにサポートする施設やサービスを提供する。,医療・福祉,児童向けの福祉サービス
102,医療施設運営,病院、診療所、クリニックを運営し、病気や怪我の診断、治療、予防を行う業界。患者に対して幅広い医療サービスを提供する施設を運営する。,医療・福祉,医療サービスを提供する施設
103,高齢者向け住宅運営,高齢者が安心して生活できる住まいを提供する業界。サービス付き高齢者向け住宅、介護付き有料老人ホーム、グループホーム、シニアコミュニティなど、安全で快適な環境を提供する。,医療・福祉,高齢者向けの住宅サービス
104,医療機器製造,医療現場で使用される機器を開発・製造・販売する業界。診断装置、治療装置、手術器具、医療用消耗品など、医療従事者をサポートする製品を提供する。,医療・福祉,医療機器の製造と販売
105,介護用品製造,高齢者や障害者の生活を支援するための用品を開発・製造・販売する業界。介護ベッド、車椅子、歩行器、入浴補助用品、リフトなど、日常生活をサポートする製品を提供する。,医療・福祉,介護用品の製造と販売
106,カフェ運営,コーヒーや紅茶などの飲み物、軽食、デザートを提供する飲食店を運営する業界。リラックスできる空間で、スムージーやサンドイッチなどの軽食を提供する。,飲食業,カフェの運営
107,寿司店運営,寿司を提供する飲食店を運営する業界。回転寿司、高級寿司店、テイクアウト寿司など、新鮮な魚介類と米を使用した伝統的な寿司を提供する。,飲食業,寿司店の運営
108,持ち帰り食品販売,惣菜、弁当、調理パンなど、調理済みまたはすぐに食べられる食品を製造・販売する業界。スーパーのデリカテッセンやテイクアウト専門店、弁当屋など、家庭やオフィスで手軽に楽しめる食事を提供する。,飲食業,中食サービスの提供
109,焼肉・ステーキ店運営,焼肉やステーキを提供する飲食店を運営する業界。焼肉レストラン、ステーキハウス、鉄板焼きなど、牛肉、豚肉、鶏肉などの肉料理を中心に提供する。,飲食業,焼肉店およびステーキハウスの運営
110,和食店運営,日本料理を提供する飲食店を運営する業界。寿司、天ぷら、蕎麦、うどん、懐石料理、すき焼き、しゃぶしゃぶなど、多彩な和食メニューを提供する。,飲食業,和食店の運営
111,居酒屋運営,アルコール飲料を中心とした飲み物や、それに合う料理を提供する飲食店。居酒屋、バー、パブ、スナックなどを運営し、リラックスした雰囲気で楽しむ飲食を提供する。,飲食業,居酒屋および飲み屋の運営
112,中華料理店運営,中華料理やラーメンを提供する飲食店を運営する業界。ラーメン専門店、中華料理店、餃子専門店、点心専門店など、多彩なアジア料理を提供する。,飲食業,中華料理店およびラーメン店の運営
113,レストラン運営,西洋料理や多国籍料理を提供する飲食店を運営する業界。イタリアン、フレンチ、アメリカン、地中海料理など、様々な国の料理を提供する。,飲食業,洋食レストランの運営
114,ファーストフード店運営,ハンバーガー、フライドチキン、ピザなどの手軽に食べられる料理を提供する飲食店を運営する業界。素早く提供されるファーストフードを扱い、手軽で速い食事を提供する。,飲食業,ファーストフード店の運営
115,うどん・そば店運営,うどんやそばを提供する飲食店を運営する業界。うどん専門店、そば専門店、立ち食いそば店など、麺類を中心にした食事を提供する。,飲食業,うどん店およびそば店の運営
116,保険代理業,保険会社の代理店として、保険商品の販売や契約手続きを行う業界。生命保険、損害保険、医療保険、自動車保険、住宅保険、企業保険など、様々な種類の保険を取り扱い、仲介を行う。,金融サービス,保険商品の販売代理業務
117,事業者向け金融サービス,企業に対して融資を行う金融業界。銀行とは異なり、担保や保証人がなくても融資を受けられることが多く、企業ローンやファクタリング、設備投資資金の提供など、事業の資金調達を支援する。,金融サービス,事業者向けの金融サービス提供
118,貸金業,個人に対して融資を行う金融業界。消費者金融、カードローン、個人向けローン、クレジットカードなど、多様な貸金サービスを提供する。,金融サービス,金融機関による貸金サービス
119,投資業務,証券会社や投資信託会社を通じて、株式、債券、投資信託などの金融商品に投資を行う業界。投資ファンド、株式投資、債券投資、不動産投資など、資産を増やすための投資サービスを提供する。,金融サービス,投資商品の提供と運用
120,オンライン証券取引,インターネット上で株式、債券、投資信託などの金融商品の売買を行う証券会社。オンラインでの取引プラットフォームを提供し、インターネットを通じて証券取引を行う。,金融サービス,オンラインでの証券取引サービス
121,保険業務,生命保険、損害保険、医療保険など、様々なリスクに備えるための保険商品を提供する業界。生命保険、健康保険、自動車保険、住宅保険など、多様な保険商品を提供し、顧客のリスク管理を支援する。,金融サービス,保険サービスの提供
122,クレジットカードおよび決済サービス,クレジットカード決済や電子マネー決済などの決済代行サービスを提供する業界。オンライン決済、POSシステム、モバイル決済など、安全で便利な決済ソリューションを提供する。,金融サービス,クレジットカードおよび決済代行サービス
123,証券取引,株式、債券などの有価証券の売買を仲介する業界。証券会社が中心となり、証券取引や投資サービス、資産管理、投資コンサルティングなどを行う。,金融サービス,証券取引サービスの提供
124,銀行・信用金庫・信用組合,預金、融資、為替などの金融サービスを提供する業界。銀行、信用金庫、信用組合などが預金、貸付、投資、送金サービスなど、個人および企業の金融ニーズを支援する。,金融サービス,銀行、金庫、および信用組合の運営
125,自動車部品製造,自動車に使用される部品を製造する業界。エンジン部品、ブレーキ部品、電装部品、トランスミッションなど、車両の性能と安全を支える様々な部品を製造する。,自動車関連,自動車部品の製造
126,自動車整備,自動車修理、車検、点検、整備を行う業界。自動車整備工場、ディーラー、カー用品店などが車検、定期点検、修理サービス、タイヤ交換など、車両の安全と性能を維持するためのサービスを提供する。,自動車関連,自動車の整備および修理
127,自動車製造,自動車本体を製造する業界。乗用車、トラック、バス、商用車、電気自動車など、多様な種類の車両を設計、製造、販売する。,自動車関連,自動車の製造
128,二輪車製造および販売,オートバイやスクーターなどの二輪車を製造・販売する業界。モペッド、オートバイなど、様々なタイプの二輪車を製造・販売する。,自動車関連,二輪車の製造および販売
129,レンタカーおよびリース,レンタカーやリース車両を提供する業界。短期的な利用から長期的な利用まで、様々なニーズに対応し、リース契約やフリート管理も行う。,自動車関連,自動車のレンタルおよびリースサービス
130,タイヤおよびゴム製品製造,タイヤやゴム製品を製造する業界。自動車用タイヤ、自転車用タイヤ、工業用ゴム製品、産業用ゴム製品、医療用ゴム製品など、様々な用途のゴム製品を製造する。,自動車関連,タイヤおよびゴム製品の製造
131,宇宙開発,人工衛星やロケットの開発・製造・打ち上げを行う業界。宇宙探査や宇宙利用に関する研究開発も行い、宇宙技術の設計、製造、ミッション運用など、多様なサービスを提供する。,科学技術,宇宙開発および関連技術の提供
132,水産業,魚介類の漁獲、養殖、加工、販売を行う業界。漁業、養殖業、シーフードの加工・販売など、水産物を提供する。,食品・飲料,水産業および魚介類の加工
133,酒類製造および販売,日本酒、焼酎、ビール、ワイン、ウイスキーなどのアルコール飲料を製造・販売する業界。多様なアルコール飲料を提供する。,食品・飲料,酒類の製造および販売
134,健康食品製造および販売,健康維持や増進に役立つ食品を製造・販売する業界。サプリメント、健康飲料、健康菓子、機能性食品、ビタミン飲料など、健康をサポートする食品を提供する。,食品・飲料,健康食品の製造および販売
135,和菓子製造および販売,日本の伝統的な和菓子を製造・販売する業界。まんじゅう、羊羹、団子、餅菓子、せんべいなど、四季折々の行事に合わせた和菓子を提供する。,食品・飲料,和菓子の製造および販売
136,食肉加工および販売,牛肉、豚肉、鶏肉などの食肉を処理・加工・販売する業界。新鮮な食肉製品を提供する。,食品・飲料,食肉の加工および販売
137,洋菓子製造および販売,ケーキ、クッキー、チョコレート、アイスクリームなどの洋菓子を製造・販売する業界。多様なスイーツを提供する。,食品・飲料,洋菓子の製造および販売
138,飲料製造,清涼飲料水、ミネラルウォーター、お茶、コーヒー、乳飲料などの飲料を製造する業界。ソフトドリンク、ジュース、スポーツドリンクなど、様々な飲料を提供する。,食品・飲料,飲料の製造および販売
139,漬物および大豆製品製造,漬物や納豆、豆腐などの大豆製品を製造・販売する業界。たくあん、キムチ、日本の伝統的な発酵食品や大豆製品を提供する。,食品・飲料,漬物および大豆製品の製造
140,調味料製造,醤油、味噌、ソース、マヨネーズ、ドレッシングなどの調味料を製造・販売する業界。酢、スパイスなど、料理に風味を加える調味料を提供する。,食品・飲料,調味料の製造および販売
141,菓子製造および販売,スナック菓子、チョコレート、キャンディー、ガムなどの菓子類を製造・販売する業界。ビスケットなど、様々な種類のお菓子を提供する。,食品・飲料,菓子の製造および販売
142,パン製造および販売,食パン、菓子パン、調理パンなどを製造・販売する業界。フランスパン、クロワッサン、ベーグルなど、多様な種類のパンを提供する。,食品・飲料,パンの製造および販売
143,麺類製造,うどん、そば、ラーメン、パスタなどの麺類を製造する業界。インスタント麺など、様々な種類の麺製品を提供する。,食品・飲料,麺類の製造および販売
144,乳製品製造および販売,牛乳、ヨーグルト、チーズ、バターなどの乳製品を製造・販売する業界。アイスクリームなど、乳を原料とした製品を提供する。,食品・飲料,乳製品の製造および販売
145,レトルト食品・冷凍食品・缶詰製造,レトルト食品、冷凍食品、缶詰などの保存食品を製造・販売する業界。即席で食べられる便利な食品を提供し、保存期間が長いことが特徴。,食品・飲料,レトルト食品、冷凍食品、缶詰の製造および販売
146,コーヒー製造および販売,コーヒー豆の焙煎、コーヒー飲料の製造・販売を行う業界。インスタントコーヒーやカプセルコーヒーなど、多様なコーヒー製品を提供する。,食品・飲料,コーヒーの製造および販売
147,米製品および惣菜製造,米の精米、販売や、弁当、惣菜などの調理済み食品を製造・販売する業界。ご飯、おにぎり、調理済みの惣菜など、手軽に食べられる米製品や惣菜を提供する。,食品・飲料,米製品および惣菜の製造および販売
148,製粉および食用油製造,小麦粉や食用油を製造・販売する業界。製パン用小麦粉、製菓用小麦粉、料理用油など、多様な製品を提供する。,食品・飲料,製粉製品および食用油の製造および販売
149,精密機器製造および販売,カメラ、時計、顕微鏡などの精密機器を製造・販売する業界。医療機器、計測器、光学機器など、精度の高い機器を提供する。,精密機器,精密機器の製造および販売
150,防犯機器製造および販売,防犯カメラ、セキュリティシステム、警報装置などの防犯機器を製造・販売する業界。個人や企業の安全を守る製品を提供する。,防犯機器,防犯機器の製造および販売
151,金属加工サービス,金属材料の切断、曲げ、溶接などの加工を請け負う業界。精密な部品加工や大型の金属構造物の製作など、多様な金属加工サービスを提供する。,金属工業,金属加工の請負業務
152,金属部品製造,金属製の部品を製造する業界。自動車部品、家電部品、機械部品、エンジン部品など、多様な用途の金属部品を製造する。,金属工業,金属部品の製造および販売
153,パイプ製造,金属製、プラスチック製、コンクリート製のパイプを製造する業界。鉄、ステンレス、プラスチックなどの材料を用いて、配管や構造に使用されるパイプを製造する。,金属工業,パイプの製造および販売
154,紙包装製品製造,紙製の包装材を製造する業界。段ボール、紙袋、包装紙など、商品の保護や配送に使用される紙製包装材を提供する。,紙・パルプ工業,紙製の包装製品の製造および販売
155,電線製造,電線、ケーブル、光ファイバーなどを製造する業界。電力ケーブル、通信ケーブル、産業用ケーブルなど、多様な用途の電線を提供する。,電線工業,電線の製造および販売
156,鉄鋼製造,鉄鋼製品を製造する業界。鋼板、鋼管、形鋼、線材、建築用鋼材、機械部品、車両用鋼材など、多様な鉄鋼製品を提供し、基礎的なインフラを支える。,金属工業,鉄鋼製品の製造および販売
157,紙およびパルプ製造,紙やパルプを製造する業界。新聞用紙、印刷用紙、段ボール原紙、ティッシュペーパー、トイレットペーパーなど、多様な紙製品を提供する。,紙・パルプ工業,紙およびパルプ製品の製造および販売
158,プラスチック包装製品製造,プラスチック製の包装材を製造する業界。ペットボトル、食品トレー、ラップフィルム、フィルム、ボトル、トレイ、バッグなど、多様な形態のプラスチック包装材を提供する。,プラスチック製品,プラスチック製の包装製品の製造および販売
159,金属製品製造,金属製の製品を製造する業界。自動車部品、家電部品、建築金物、工具、日用品、家具、機械部品、建築資材など、様々な用途の金属製品を製造し、提供する。,金属工業,金属製品の製造および販売
160,作業関連用品製造,作業用手袋、安全靴、ヘルメット、作業服などの作業関連用品を製造する業界。作業現場で使用される安全・保護用品を提供する。,工業用品,作業関連用品の製造および販売
161,ガラス製品製造,板ガラス、瓶ガラス、光学ガラスなどのガラス製品を製造する業界。建築用ガラス、車両用ガラス、家庭用ガラス器具、電子デバイス用ガラスなど、多様な用途のガラス製品を提供する。,ガラス・セラミックス,ガラス製品の製造および販売
162,繊維製品製造,糸や布地などの繊維製品を製造する業界。綿、麻、絹、合成繊維など、様々な素材の繊維製品を製造し、服地、カーペット、インテリアファブリック、産業用繊維など、多様な繊維製品を提供する。,繊維工業,繊維製品の製造および販売
163,ステンレス製品製造,ステンレス鋼製の製品を製造する業界。厨房機器、建築金物、医療器具、工業用部品、キッチン用品、産業機械部品など、多様なステンレス製品を製造し、提供する。,金属工業,ステンレス製品の製造および販売
164,看板制作,屋外広告や案内表示用の看板をデザイン・製作・設置する業界。電飾看板、LED看板、ネオンサイン、パネル看板、デジタルサイネージ、店舗用サインなどを提供する。,広告・マーケティング,看板の設計、製造、および設置
165,非鉄金属製品製造,鉄以外の金属（アルミニウム、銅、亜鉛など）を精錬・加工・製造する業界。アルミニウム、銅、チタン、マグネシウムなどの金属製品を提供する。,金属工業,非鉄金属製品の製造および販売
166,革製品製造,動物の皮をなめして革製品を製造する業界。革靴、革鞄、革財布、革ベルト、靴、バッグ、衣料品、家具用革など、多様な革製品を提供する。,製造業,革製品の製造および販売
167,電池製造,乾電池、充電池、ボタン電池などの電池を製造する業界。リチウムイオン電池、鉛蓄電池、ニッケル水素電池など、多様な用途に対応する電池を提供する。,電池工業,電池の製造および販売
168,下着製造,ブラジャー、ショーツ、ガードル、インナーシャツなどの下着を製造する業界。ランジェリー、補正下着など、快適でスタイリッシュな下着を提供する。,繊維工業,下着の製造および販売
169,繊維加工および織布製造,糸や布地を染色、プリント、加工する業界。織物工場や染色工場などが繊維を加工し、服地の織布、染色、プリント、産業用繊維の加工など、多様な繊維加工サービスを提供する。,繊維工業,繊維製品の加工および織布
170,エステティックサービス,フェイシャルエステ、ボディエステ、脱毛などの美容サービスを提供する業界。リラクゼーションのサービスも提供し、エステティックサロンを運営する。,美容・健康,エステティックサービスの提供
171,美容サロン運営,カット、パーマ、カラーなどのヘアケアサービスや、ネイルケア、メイクアップなどの美容サービスを提供する業界。スパトリートメントなど、美容全般をカバーするサロンを運営する。,美容・健康,美容関連サービスの提供
172,スキンケア製品製造および販売,化粧水、乳液、美容液、クリームなどのスキンケア製品を製造・販売する業界。クレンザー、トナー、モイスチャライザー、アンチエイジングクリームなど、肌の健康と美しさをサポートする製品を提供する。,美容・健康,スキンケア製品の製造および販売
173,靴の製造および修理,靴の製造や修理を行う業界。革靴、スニーカー、サンダル、カジュアルシューズ、ドレスシューズ、スポーツシューズ、カスタムメイドシューズなど、多様な靴を提供し、修理サービスも行う。,製造業,靴の製造および修理
174,宝飾品製造および販売,ジュエリーや宝石をデザイン・製造する業界。指輪、ネックレス、ピアス、ブレスレット、イヤリングなど、特別な機会や日常使いに適した美しいジュエリーを提供する。,製造業,ジュエリーおよび宝石製品の製造および販売
175,時計製造および販売,腕時計、置時計、掛時計などを製造・販売する業界。懐中時計やスマートウォッチなど、多様なデザインと機能を持つ時計を提供する。,製造業,時計の製造および販売
176,婦人服メーカー,女性向けの衣料品を企画・製造・販売する業界。ドレス、スーツ、カジュアルウェア、アクセサリーなど、多様なスタイルを提供する。,繊維工業,レディースアパレルの製造および販売
177,子供服メーカー,子供向けの衣料品を企画・製造・販売する業界。ベビー服、キッズウェア、スクールユニフォームなど、可愛らしくて機能的な衣料品を提供する。,繊維工業,キッズアパレルの製造および販売
178,紳士服メーカー,男性向けの衣料品を企画・製造・販売する業界。スーツ、カジュアルウェア、スポーツウェアなど、スタイリッシュで機能的な衣料品を提供する。,繊維工業,メンズアパレルの製造および販売
179,化粧品製造,化粧品、スキンケア用品、ヘアケア用品などを製造する業界。メイクアップ製品やフレグランスなど、個人の美容と健康をサポートする製品を提供する。,美容・健康,化粧品の製造および販売
180,制服および作業服製造,企業や学校などの制服、作業服を製造する業界。学校制服、医療用スクラブ、工場作業服、警備服など、特定の職業や活動に適した衣料品を提供する。,繊維工業,制服および作業服の製造および販売
181,ホテル運営,ホテル、旅館、リゾート施設などの宿泊施設を運営する業界。モーテル、B&Bなど、多様な宿泊オプションを提供し、旅行者やビジネス客にサービスを提供する。,ホスピタリティ,ホテルおよび宿泊施設の運営
182,ゴルフ場運営,ゴルフ場を運営する業界。ゴルフレッスンやゴルフ用品販売も行い、ゴルフコースの管理、プロショップの運営、ゴルフトーナメントの開催など、ゴルフ関連サービスを提供する。,レジャー・スポーツ,ゴルフ場の運営および関連サービスの提供
183,芸能プロダクションおよびタレントマネジメント,俳優、歌手、モデル、タレントなどのマネジメントを行う業界。タレントやアーティストの出演契約、キャリア管理、プロモーション活動を行う芸能プロダクションを運営する。,エンターテインメント,芸能プロダクションおよびタレントのマネジメント
184,CMおよび映像制作,テレビCM、企業VP、Web動画などの映像コンテンツを企画・制作する業界。広告やプロモーション用の映像コンテンツを作成し、テレビCM、ウェブビデオ、企業紹介映像などを制作する。,エンターテインメント,コマーシャルおよび映像の企画、制作
185,マルチメディアおよび楽器販売,楽器、音響機器、映像機器などを製造・販売する業界。ピアノ、ギター、ドラム、音楽ソフトウェア、録音機材など、音楽関連のマルチメディアコンテンツを提供する。,エンターテインメント,マルチメディアコンテンツおよび楽器の製造および販売
186,映画およびアニメーション制作,映画やアニメーションを企画・制作・配給する業界。劇場映画、テレビアニメ、短編アニメーション、VFX（視覚効果）などの制作を行う。,エンターテインメント,映画およびアニメーションの制作と配信
187,スポーツ関連事業,プロスポーツチームの運営や、スポーツイベントの企画・運営を行う業界。スポーツ関連サービスを提供し、アスリートのマネジメントやスポーツ施設の管理も行う。,レジャー・スポーツ,スポーツ関連サービスの提供
188,イベント企画および運営,展示会、コンサート、スポーツイベントなどのイベントを企画・運営する業界。フェスティバル、企業イベントなど、各種イベントのプランニングと運営を行う。,エンターテインメント,イベントの企画および運営
189,パチンコ店運営,パチンコ店を運営する業界。パチンコホールの運営、スロットマシンの設置・管理、プレイヤーへのサービスを提供する。,レジャー・スポーツ,パチンコ店の運営
190,フィットネス施設運営,フィットネスクラブ、ジム、ヨガスタジオなどを運営する業界。トレーニング設備、グループフィットネスクラス、パーソナルトレーニング、健康相談などのサービスを提供する。,レジャー・スポーツ,ジムおよびフィットネス施設の運営
191,タレントおよびキャラクターグッズ販売,人気タレントやキャラクターのグッズを企画・製造・販売する業界。フィギュア、ポスター、アパレル、アクセサリーなど、テーマにした商品を提供する。,エンターテインメント,タレントおよびキャラクターグッズの販売
192,海外旅行および留学手配,海外旅行や海外留学の手配を行う業界。旅行代理店、留学エージェントが旅行パッケージ、航空券の予約、ビザの手配、現地サポートサービスなどを提供する。,レジャー・スポーツ,海外旅行および留学の企画および手配
193,国内旅行手配,国内旅行の手配を行う業界。旅行代理店、ホテル、旅館が観光地ツアー、宿泊予約、交通手段の手配、地域ガイドサービスなどを提供する。,レジャー・スポーツ,国内旅行の企画および手配
194,ペットおよび動物関連事業,ペットの販売、ペット用品の販売、ペットホテル、トリミングサロンなどのサービスを提供する業界。ペットショップ、動物病院、ペットフード、ペットアクセサリーなど、動物関連のサービスを提供する。,小売業,ペットおよび動物関連サービスの提供
195,ウェブサイト制作,Webサイトの企画・デザイン・制作を行う業界。コーポレートサイト、eコマースサイト、ポータルサイト、ブログなどのデザイン、開発、運営を行う。,ITサービス,Webサイトの制作および運営
196,デザインサービス,グラフィックデザイン、プロダクトデザイン、Webデザインなどのデザイン業務を行う業界。企業ロゴ、パッケージデザイン、広告デザインなど、多様なデザインサービスを提供する。,クリエイティブ,グラフィックおよびインテリアデザインの提供
197,警備サービス,施設警備、交通誘導、イベント警備、身辺警護などの警備業務を行う業界。個人や企業の安全を守るサービスを提供し、セキュリティシステムの設置と運用も行う。,防犯機器,警備およびセキュリティサービスの提供
198,写真撮影サービス,写真撮影、写真プリント、写真加工などの写真関連サービスを提供する業界。ポートレート撮影、商業写真、イベント写真、フォトグラフィックアートなどの撮影と編集を行う。,クリエイティブ,写真撮影および関連サービスの提供
199,専門サービス事務所,税理士事務所、弁護士事務所、司法書士事務所、社会保険労務士事務所などの専門的なサービスを提供する業界。法律事務所、会計事務所、特許事務所など、特定の専門分野に特化した事務所を運営する。,サービス業,専門サービスを提供する事務所
200,研究・調査サービス,市場調査、世論調査、学術調査などの調査・研究業務を行う業界。消費者行動調査、産業動向分析、学術研究、製品テストなど、データ収集と分析サービスを提供する。,サービス業,研究および調査、リサーチサービスの提供
201,ビルおよび住宅清掃,オフィスビルや住宅の清掃を専門に行う業界。日常清掃、定期清掃、窓ガラス清掃、床のワックスがけなど、多様な清掃サービスを提供し、ビルや家庭の美観と衛生を保つ。,サービス業,商業ビルや住宅の清掃サービスを提供する業種
202,廃棄物収集サービス,家庭や事業所から出る廃棄物を収集・運搬する業界。ゴミの回収やリサイクル資源の収集を行い、適切な処理を支援する。,環境サービス,廃棄物の収集と運搬を行う業種
203,廃棄物処理サービス,収集された廃棄物を適切に処理する業界。焼却、埋め立て、リサイクルを通じて、環境に配慮した廃棄物管理を行い、有害廃棄物の安全な処理を提供。,環境サービス,廃棄物の処理とリサイクルを行う業種
204,結婚式サービス,結婚に関するサービスを提供する業界。結婚式場の運営、挙式プランニング、ドレス提供、会場装飾、ケータリングサービスなどを通じて、結婚式や関連イベントを企画・運営。,サービス業,結婚式や関連イベントの企画・運営を行う業種
205,葬儀サービス,葬儀や追悼サービスを提供する業界。葬儀場の運営、プランニング、遺体の準備、礼拝サービス、霊柩車の手配など、故人を偲ぶための総合的なサービスを提供。,サービス業,葬儀の企画・運営を行う業種
206,翻訳・通訳サービス,文書や音声の翻訳、通訳サービスを提供する業界。ビジネス文書、技術文書、法的文書の翻訳や、会議やイベントでの通訳を行い、言語の壁を越えてコミュニケーションをサポート。,サービス業,翻訳および通訳サービスを提供する業種
207,オフィス用品レンタル,オフィス用品をレンタルする業界。デスク、椅子、コンピュータ、複合機など、オフィスの効率的な運営を支援するための家具や機器を提供。,サービス業,オフィス用品のレンタルサービスを提供する業種
208,リサイクルサービス,廃棄物や中古品をリサイクルし、新たな製品として再利用する業界。紙、プラスチック、金属、ガラスなどの資源を回収し、加工して再利用可能な製品として生まれ変わらせる。,環境サービス,再利用可能な素材の回収と処理を行う業種
209,生活用品レンタル,家具、家電、ベビー用品、イベント用品など、生活に必要な用品をレンタルする業界。短期間の使用に対応するサービスを提供し、利便性を高める。,サービス業,家庭用品のレンタルサービスを提供する業種
210,衣類クリーニング,衣類や布製品のクリーニングを行う業界。ドライクリーニング、ランドリーサービス、特殊素材のクリーニング、しみ抜きなど、多様なクリーニングサービスを提供。,サービス業,衣類のクリーニングとメンテナンスサービスを提供する業種
211,遺品整理サービス,故人の遺品を整理・処分するサービスを提供する業界。遺族の負担を軽減し、遺品の整理、処分、清掃を行い、適切に遺品を処理する。,サービス業,遺品の整理と処分を行うサービスを提供する業種
212,引越しサービス,個人や企業の引っ越しを請け負う業界。荷物の梱包、輸送、開梱、設置など、引っ越しに伴う全ての作業をサポートする。,サービス業,引越しサービスを提供する業種
213,ゲーム・アニメーションデザイン,ゲームやアニメーションのデザインを行う業界。キャラクターデザイン、背景デザイン、アニメーション制作、UI/UXデザインなど、幅広い制作業務をサポート。,デジタルコンテンツ,ゲームおよびアニメーションのデザインと制作を行う業種
214,一般貨物輸送サービス,トラックなどを利用して、企業や個人向けの貨物を輸送する業界。トラック輸送、鉄道輸送、航空貨物、海上貨物など、多様な輸送手段を活用して、効率的に商品を移動。,運輸・物流,一般貨物の運搬と配送サービスを提供する業種
215,タクシーサービス,乗客の要望に応じて目的地まで輸送するタクシーサービスを提供する業界。都市内や郊外での迅速かつ便利な交通手段を提供し、個人や企業の移動をサポートする。,運輸・物流,タクシーサービスを提供する業種
216,冷凍冷蔵輸送サービス,冷凍・冷蔵機能を備えたトラックで、生鮮食品や冷凍食品、温度管理が必要な製品を輸送する業界。安全かつ適切に温度管理された輸送サービスを提供。,運輸・物流,冷凍および冷蔵輸送サービスを提供する業種
217,倉庫管理,貨物を保管する倉庫を運営する業界。入出庫作業、在庫管理、流通加工などのサービスを提供し、効率的な倉庫管理をサポート。,運輸・物流,保管および物流サービスを提供する業種
218,重量物輸送サービス,大型機械や建設資材、プラント設備などの重量物を輸送する業界。特殊な輸送車両や技術を用いて、安全かつ効率的に重量物を移動。,運輸・物流,重量物の輸送を専門とする業種
219,バス運営,路線バス、観光バス、高速バス、貸切バスなど、様々なバス輸送サービスを提供する業界。都市内外の交通、観光ツアー、通勤など、幅広いバス輸送サービスを運営。,運輸・物流,バス輸送サービスを提供する業種
220,海上輸送サービス,船舶を利用して、貨物や旅客を輸送する業界。国内輸送、国際輸送、フェリー運航などを通じて、国際的な貿易や人々の移動を支援。,運輸・物流,海上輸送サービスを提供する業種
221,機械輸送サービス,工作機械、産業機械、プラント設備などの機械を輸送する業界。特殊な輸送車両や技術を用いて、精密機械や大型設備の安全な輸送を提供。,運輸・物流,機械や大型機器の輸送サービスを提供する業種
222,港湾作業サービス,個人や企業の引っ越しを請け負う業界。荷物の梱包、輸送、開梱、設置など、引っ越しに関わる全ての作業をサポートする。,サービス業,家庭および事業所の引越しサービスを提供する業種
223,航空輸送サービス,港湾での貨物の荷役、保管、運搬などの作業を行う業界。貨物の積み降ろしや保管、港湾運営を通じて、効率的な物流活動を支援。,運輸・物流,港湾での荷役作業を行う業種
224,鉄道輸送サービス,航空機を利用して、貨物や旅客を輸送する業界。国内線、国際線、貨物便など、迅速で効率的な航空輸送サービスを提供。,運輸・物流,航空貨物輸送サービスを提供する業種
225,電子部品製造,鉄道を利用して、旅客や貨物を輸送する業界。JR、私鉄、地下鉄など、都市間や通勤、観光など多様な鉄道輸送サービスを運営。,運輸・物流,鉄道輸送サービスを提供する業種
226,産業用ロボット製造,電子機器に使われる部品を製造する業界。半導体、コンデンサ、抵抗器、コネクタなど、電子製品の重要な構成要素を提供し、製造を支援。,エレクトロニクス,電子部品の製造および販売を行う業種
227,光学機器およびレンズ製造,工場などで使われる産業用ロボットを製造する業界。溶接ロボット、組立ロボット、搬送ロボットなど、自動化された生産を支援するロボットシステムを提供。,エレクトロニクス,産業用ロボットの製造と販売を行う業種
228,エレベーター製造,カメラ、顕微鏡、望遠鏡などの光学機器や、レンズを製造する業界。高精度な光学製品を提供し、様々な分野での視覚技術を支援。,エレクトロニクス,光学機器およびレンズの製造と販売を行う業種
229,機械設計サービス,エレベーターやエスカレーターを製造、設置、保守する業界。ビルやマンションなどでの移動を支えるための安全で信頼性の高い設備を提供。,エレクトロニクス,エレベーターおよびエスカレーターの製造と設置を行う業種
230,業務用厨房機器製造,機械製品や装置の設計を行う業界。製品開発、プロトタイプ作成、製造工程の設計を通じて、機械工学に基づく高度な設計サービスを提供。,機械製造,機械の設計とエンジニアリングサービスを提供する業種
231,ボイラー製造,業務用厨房機器を製造・販売する業界。冷蔵庫、オーブン、フライヤー、食器洗浄機など、レストランやカフェなどで使用される高性能な調理設備を提供。,機械製造,業務用厨房機器の製造と販売を行う業種
232,アミューズメント機器製造,蒸気を発生させるボイラーを製造・販売・設置する業界。工場、ビル、病院など、様々な施設で使用されるボイラーシステムを提供し、メンテナンスも行う。,機械製造,ボイラーの製造および販売を行う業種
233,食品機械製造,ゲームセンターや遊園地などで使われるアミューズメント機器を製造・販売する業界。ゲーム機、乗り物、VRシステムなど、多様なエンターテイメント設備を提供。,機械製造,アミューズメント機器の製造と販売を行う業種
234,電力および発電機器製造,食品の製造・加工に使われる機械を製造・販売する業界。充填機、包装機、殺菌装置、ミキサーなど、食品製造プロセスを支援する機械を提供。,機械製造,食品加工機械の製造と販売を行う業種
235,機械レンタルサービス,電力を発電し、供給する設備を製造する業界。火力発電、水力発電、原子力発電、再生可能エネルギー発電など、多様な発電装置を提供し、エネルギー供給を支援。,機械製造,発電設備および電力機器の製造を行う業種
236,工具製造,建設機械、農業機械、イベント用機器などをレンタルする業界。短期的な使用に対応する機械や設備を提供し、効率的な運用をサポート。,機械製造,機械および機器のレンタルサービスを提供する業種
237,機械修理サービス,電動工具、手工具、切削工具、測定工具などを製造する業界。ドリル、ソー、レンチ、ドライバーなど、家庭用から業務用まで幅広い用途の工具を提供。,機械製造,工具の製造および販売を行う業種
238,空調機器製造,機械の修理・メンテナンスを行う業界。工場、建設現場、自動車整備工場などでの機器の修理を通じて、機械の性能と安全性を維持。,機械製造,機械の修理およびメンテナンスサービスを提供する業種
239,化学機器製造,エアコン、換気扇、空気清浄機などの空調機器を製造・販売する業界。快適な室内環境を提供するための先進的な空調設備を設計、製造、設置。,機械製造,空調設備の製造および設置を行う業種
240,水処理機械製造,化学プラントや実験室で使われる機器を製造・販売する業界。反応器、蒸留塔、乾燥機、分析機器など、科学研究や産業プロセスに不可欠な機器を提供。,機械製造,化学処理機器の製造と販売を行う業種
241,工作機械製造,水道水や工業用水を浄化する水処理装置を製造・販売する業界。浄水器、フィルターシステム、排水処理装置など、水の浄化と処理を行う機器を提供し、清潔で安全な水供給を支援。,機械製造,水処理装置の製造と販売を行う業種
242,半導体製造,金属や木材などの材料を加工する工作機械を製造・販売する業界。旋盤、フライス盤、CNC機械、ドリルプレスなど、精密な加工を行う機器を提供。,機械製造,工作機械の製造および販売を行う業種
243,金型製造,半導体素子や集積回路を製造する業界。コンピュータ、スマートフォン、家電製品など、多くの電子機器に使われる重要な部品を提供。,機械製造,半導体製品の製造および販売を行う業種
244,精密機器製造,金属製品やプラスチック製品を製造するための金型を製造する業界。プラスチック成形、金属鍛造、ダイカストなど、多様な製造プロセスに対応する金型を提供。,機械製造,金型の設計および製造を行う業種
245,プラント設備製造,カメラ、時計、顕微鏡などの精密機器を製造・販売する業界。高精度の計測機器、光学機器、医療機器など、精密な作業をサポートする機器を提供。,機械製造,精密機器の製造および販売を行う業種
246,非金属加工機械製造,石油精製プラント、化学プラント、発電プラントなどの大規模な産業用設備を設計・建設する業界。産業用施設の設計、建設、運営を通じて、様々な生産プロセスを支援。,機械製造,プラント設備の設計と建設を行う業種
247,自動販売機製造,木材、プラスチック、ガラスなどの非金属材料を加工する機械を製造・販売する業界。プラスチック、ガラス、セラミックなど、多様な非金属素材の加工機器を提供。,機械製造,非金属材料の加工機械を製造および販売する業種
248,建設機械製造,清涼飲料水、菓子、食品などを販売する自動販売機を製造・販売する業界。飲料、スナック、温かい食事を提供するための自動化された販売機を製造・設置・メンテナンスする。,機械製造,自動販売機の製造および販売を行う業種
249,ポンプ製造,ブルドーザー、ショベルカー、クレーンなどの建設機械を製造・販売する業界。建設現場で使用される多様な機械を提供し、建設作業を効率化する。,機械製造,建設機械の製造および販売を行う業種
250,漁業および農業機械製造,液体を輸送するポンプを製造・販売する業界。水中ポンプ、陸上ポンプ、真空ポンプなど、多様な用途に対応するポンプを提供し、効率的な液体移動を支援。,機械製造,ポンプ機器の製造および販売を行う業種
251,溶接機械製造,漁船、漁網、トラクター、コンバインなどの漁業・農業用機器を製造・販売する業界。漁業や農業で使用される生産活動を支援する機器を提供。,機械製造,漁業および農業用機器の製造と販売を行う業種
252,印刷機械製造,金属などを溶接するための溶接機を製造・販売する業界。アーク溶接機、TIG溶接機、MIG溶接機、レーザー溶接機など、多様な溶接機器を提供。,機械製造,溶接機器の製造および販売を行う業種
253,試験機器製造,印刷物を作るための印刷機を製造・販売する業界。オフセット印刷機、デジタル印刷機、スクリーン印刷機、3Dプリンターなど、多様な印刷技術に対応する機器を提供。,機械製造,印刷機械の製造および販売を行う業種
254,プラスチック成形機械製造,材料の強度や性能を試験するための試験機を製造・販売する業界。引張試験機、圧縮試験機、疲労試験機、化学分析装置、環境試験装置など、品質管理や研究開発に使用される機器を提供。,機械製造,試験機器の製造および販売を行う業種
255,交通機械製造,プラスチック製品を作るための成形機を製造・販売する業界。射出成形機、ブロー成形機、圧縮成形機など、多様な成形技術に対応する機器を提供。,機械製造,プラスチック成形機械の製造と販売を行う業種
256,家庭および事業所向け設備,鉄道車両、航空機、船舶などの交通機械を製造する業界。信号機、交通管理システム、料金徴収システム、公共交通機関用機器なども提供し、交通インフラを支援。,機械製造,交通関連機械の製造および販売を行う業種
257,注文住宅建築,家庭用エアコン、業務用エアコン、換気扇、照明器具など、住宅や事業所向けの設備機器を製造・販売する業界。空調設備、給排水設備、電気設備、セキュリティシステムなども提供。,建設・不動産,家庭用および事業所向けの設備の製造と設置を行う業種
258,住宅リフォーム,顧客の要望に応じて、一戸建て住宅を設計・建築する業界。デザインカスタマイズ、エネルギー効率の高い住宅、最新の建築技術を活用した住宅を提供。,建設・不動産,注文住宅の設計と建設を行う業種
259,建設および土木設計,既存の住宅に対して、内装や外装、設備などの改修工事を行う業界。キッチンや浴室のリフォーム、間取り変更、バリアフリー化など、住居の改善をサポート。,建設・不動産,住宅のリフォームおよび改修を行う業種
260,衛生設備工事,建物や道路、橋梁、トンネルなどの構造物を設計する業界。建築物のデザイン、構造設計、土木インフラの計画など、多様な建設プロジェクトの基礎を提供。,建設・不動産,建設および土木工事の設計を行う業種
261,木材建材製造,給排水設備、衛生器具、空調設備などの設置工事を行う業界。給排水システム、トイレ、シャワー設備など、建物の衛生的な環境を維持する設備を設置・メンテナンスする。,建設・不動産,衛生設備の設置および修理を行う業種
262,産業用電気設備工事,木材を加工して、建築用材や家具用材などを製造する業界。フローリング、家具材、建築用パネル、合板など、建設やインテリアに使用される木材製品を提供。,建設・不動産,木材を使用した建材の製造および販売を行う業種
263,とび職,工場やビルなどの産業施設における電気設備の設計・施工・保守を行う業界。工場の電気システムや産業用機械の電気配線など、産業活動を支える電気設備を提供。,建設・不動産,産業用電気設備の設置および修理を行う業種
264,造園工事サービス,高所での作業を専門とする建設業。鉄骨の組み立て、足場の設置、鉄塔の建設、建物の外装工事など、建設現場での高所作業をサポート。,建設・不動産,高所での工事作業を専門とする業種
265,土木工事サービス,庭園や公園の設計・施工・管理を行う業界。植栽、石組み、池の設置、景観デザインなど、美しい環境を作り出すための総合的なサービスを提供。,建設・不動産,造園および庭園の設計と施工を行う業種
266,インテリアデザイン,道路、橋梁、トンネル、ダムなどの土木構造物の建設工事を行う業界。公共インフラの建設と維持を通じて、社会の基盤を支える。,建設・不動産,土木工事の施工および管理を行う業種
267,商業施設および公共施設建設,住宅や店舗などの内装をデザインする業界。家具、照明、壁紙、カーテンなどの選定や配置を行い、快適で機能的な室内空間を提供。,建設・不動産,インテリアデザインの提供および施工を行う業種
268,建物解体サービス,ショッピングモールや百貨店などの商業施設、学校や病院などの公共施設の建設を行う業界。幅広い用途の建物を設計・建設し、社会インフラを支える。,建設・不動産,商業施設や公共施設の設計と建設を行う業種
269,太陽光パネル設置,建物や構造物を解体する業界。安全かつ効率的に建物を取り壊し、再開発や新しい建設プロジェクトの準備を支援する。,建設・不動産,建物の解体と撤去を行う業種
270,通信設備工事,太陽光発電システム用の太陽光パネルを製造・販売・設置する業界。ソーラーパネル、インバーター、バッテリーシステムなど、再生可能エネルギーの利用を支援する。,建設・不動産,太陽光パネルの設置とメンテナンスを行う業種
271,空調設備工事,電話回線、インターネット回線、LANケーブルなどの通信設備の設置工事を行う業界。携帯電話の基地局、光ファイバーケーブル、インターネット接続設備なども設計・設置し、通信インフラを支える。,建設・不動産,通信設備の設置とメンテナンスを行う業種
272,マンション建設,エアコン、換気扇、ダクトなどの空調設備の設置工事を行う業界。エアコン、換気システム、暖房設備など、快適な室内環境を提供する空調システムの設置やメンテナンスを行う。,建設・不動産,空調設備の設置とメンテナンスを行う業種
273,事業用リフォーム,集合住宅であるマンションを設計・建築する業界。効率的な住宅スペースの設計、共用施設の配置、快適な居住空間の提供を支援する。,建設・不動産,マンションの設計と建設を行う業種
274,交通関連土木工事,オフィスビル、店舗、工場などの事業用建物のリフォームを行う業界。オフィスのリノベーション、店舗の改装、商業ビルのリフレッシュなど、事業用スペースの改善をサポート。,建設・不動産,事業用物件のリフォームおよび改修を行う業種
275,プラント設備工事,道路、鉄道、空港などの交通インフラに関する土木工事を行う業界。道路、橋、トンネル、空港など、交通の流れをスムーズにするためのインフラを提供。,建設・不動産,交通関連の土木工事を専門とする業種
276,窯業建材および石材製造,工場や発電所などのプラント設備の設計・施工・保守を行う業界。製造工場、化学プラント、発電施設などの設備を設計、設置、メンテナンスする。,建設・不動産,プラント設備の設計、設置、メンテナンスを行う業種
277,金属建材製造,レンガ、タイル、コンクリートブロック、石材などの窯業建材を製造・販売する業界。セラミック製品や建築用石材など、耐久性と美観を兼ね備えた建材を提供。,建設・不動産,窯業建材および石材の製造および販売を行う業種
278,ビル建設,鉄骨、アルミサッシ、ステンレス製品などの金属建材を製造・販売する業界。アルミニウム、スチール、銅などの金属を使用した屋根材、外壁材、建築部品などを提供。,建設・不動産,金属を使用した建材の製造および販売を行う業種
279,分譲住宅建築,オフィスビル、商業ビル、マンションなどのビルを建設する業界。高層ビルの構築、オフィススペースの設計、エネルギー効率の高い建物の提供。,建設・不動産,商業ビルおよびオフィスビルの設計と建設を行う業種
280,樹脂系建材製造,分譲住宅を企画・開発・販売する業界。建売住宅やマンション分譲など、土地の開発から住宅の設計、購入者への販売を行い、住環境を提供する。,建設・不動産,分譲住宅の設計と建設を行う業種
281,ゼネコン事業,プラスチック製の建材を製造する業界。雨どい、サッシ、外壁材など、耐久性と軽量性を兼ね備えた樹脂製建材を提供。,建設・不動産,樹脂を使用した建材の製造および販売を行う業種
282,河川工事サービス,総合建設業を行う業界。建築工事や土木工事を一括して請け負い、大規模な建設プロジェクトの計画、設計、施工を統括する。,建設・不動産,総合建設業としての設計、施工、管理を行う業種
283,燃料タンク製造,河川の改修工事、護岸工事、浚渫工事などを行う業界。堤防の建設、護岸工事、河川の浚渫、洪水対策など、水の流れを管理するインフラを提供。,建設・不動産,河川の改修および保全工事を行う業種
284,水産物専門商社,石油、ガスなどの燃料を貯蔵するためのタンクを製造する業界。ガソリン、ディーゼル、LNGなど、さまざまな燃料に対応するタンクを製造し、設置する。,製造業,燃料タンクの設計、製造、設置を行う業種
285,日用品および化粧品商社,水産物を専門に扱う商社。漁業者から水産物を買い付け、加工業者や小売業者に販売し、新鮮な魚介類や加工されたシーフード製品を国内外の市場に供給。,商社,水産物の専門的な流通および販売を行う商社業
286,建材商社,日用品や化粧品を専門に扱う商社。メーカーから商品を仕入れ、小売店や卸売業者に販売し、シャンプー、石鹸、スキンケア製品、クリーニング用品などを提供。,商社,日用品および化粧品の流通および販売を行う商社業
287,食肉および卵商社,建築資材を専門に扱う商社。木材、セメント、鉄鋼、ガラス、塗料など、建設プロジェクトに必要な多様な資材を提供。,商社,建材の流通および販売を行う商社業
288,農産物および食品商社,食肉や卵を専門に扱う商社。生産者から商品を買い付け、加工業者や小売業者に販売し、新鮮な牛肉、豚肉、鶏肉、卵を供給。,商社,食肉および卵の流通および販売を行う商社業
289,アパレル商社,農産物や食品を専門に扱う商社。生産者から商品を買い付け、加工業者や小売業者に販売し、新鮮な野菜、果物、穀物、加工食品を供給。,商社,農産物および食品の流通および販売を行う商社業
290,水産用機械商社,衣料品を専門に扱う商社。メーカーから商品を仕入れ、小売店や卸売業者に販売し、洋服、アクセサリー、靴、バッグなど、多様なファッションアイテムを提供。,商社,アパレル製品の流通および販売を行う商社業
291,雑貨商社,漁船、漁網、養殖設備などの水産用機械を販売する商社。水産業に関連する漁船、養殖設備、冷凍機、加工機械などを提供し、水産業を支援。,商社,水産業用の機械設備の流通および販売を行う商社業
292,総合商社,雑貨を専門に扱う商社。インテリア雑貨、キッチン雑貨、ファッション雑貨など、生活雑貨や家庭用品を提供。,商社,雑貨の流通および販売を行う商社業
293,工業用機械商社,幅広い商品を取り扱う商社。食料品、エネルギー、金属、機械、化学品など、多岐にわたる製品やサービスを国内外の市場に供給。,商社,多種多様な商品やサービスを扱う総合商社
294,電子部品商社,工場などで使われる産業用機械を販売する商社。工作機械、搬送機器、ロボットなど、製造機械や試験機器を提供し、産業用機械の需要に応える。,商社,工業用機械設備の流通および販売を行う商社業
295,化学品および医療品商社,電子部品を専門に扱う商社。半導体、コンデンサ、抵抗器、コネクタなど、電子機器の製造に必要な部品を提供。,商社,電子部品の流通および販売を行う商社業
296,医療機器商社,化学品や医薬品を専門に扱う商社。医薬品原薬、試薬、化成品、医療機器などを扱い、産業や医療分野に必要な商品を提供。,商社,化学品および医療品の流通および販売を行う商社業
297,紙およびパルプ商社,医療機器を専門に扱う商社。診断装置、治療装置、手術器具、医療用消耗品などを提供し、医療施設に必要な機器を供給。,商社,医療機器の流通および販売を行う商社業
298,紙・パルプ専門商社,紙やパルプを専門に扱う商社。印刷用紙、包装用紙、段ボール原紙など、多様な紙製品やパルプ製品を供給。,商社,紙およびパルプ製品の流通および販売を行う商社業
299,鉄鋼・金属専門商社,鉄鋼や非鉄金属を専門に扱う商社。鋼板、鋼管、形鋼、線材、アルミニウム、銅、亜鉛など、建設や製造に必要な金属製品を提供。,商社,鉄鋼および金属製品の流通および販売を行う商社業
300,企業向け研修サービス,企業の従業員に対して、スキルアップや意識改革を目的とした研修プログラムを提供する業界。リーダーシップ開発、業務スキルの向上、チームビルディングなど、従業員の能力開発を支援。,教育サービス,企業向けの研修およびトレーニングサービスを提供する業種
301,製造・技術人材派遣サービス,製造業や技術系の企業に対して、専門的なスキルや知識を持つ人材を派遣する業界。エンジニア、設計者、研究開発者など、様々な職種の人材を提供。,人材サービス,製造および技術分野の人材派遣サービスを提供する業種
302,業務アウトソーシング,企業の業務の一部または全部を請け負い、代行する業界。製造業務、事務業務、物流業務、IT業務など、幅広い業務を外部に委託するサービスを提供。,人材サービス,業務の請負およびアウトソーシングサービスを提供する業種
303,サービス業向け人材派遣,サービス業の企業に対して、接客や販売などのスキルを持つ人材を派遣する業界。ホテル、飲食店、アパレルショップなど、様々な業種の人材を提供。,人材サービス,サービス業向けの人材派遣サービスを提供する業種
304,一般向けセミナー,一般消費者向けに、自己啓発、スキルアップ、趣味などをテーマにしたセミナーを開催する業界。オンラインセミナーや対面セミナーなど、様々な形式で多様なテーマのセミナーを提供。,教育サービス,一般消費者向けのセミナーおよびワークショップを提供する業種
305,事務・作業員派遣サービス,事務職や軽作業の仕事に従事する人材を派遣する業界。一般事務、データ入力、倉庫作業、イベントスタッフなど、様々な職種の人材を提供。,人材サービス,事務および作業員の派遣サービスを提供する業種
306,コールセンター運営,電話やメール、チャットなどを通じて、顧客からの問い合わせや注文に対応するコールセンターを運営する業界。顧客サポート、テレマーケティング、ヘルプデスクなど、様々な業務を行う。,サービス業,コールセンター業務を提供する業種
307,事務処理代行サービス,企業の事務処理業務を代行する業界。データ入力、書類作成、経理処理、給与計算など、多様な業務を代行し、事務作業の効率化を支援。,サービス業,事務処理の代行サービスを提供する業種
308,物流分野の人材派遣サービス,物流倉庫や配送センターなどで働く人材を派遣する業界。ピッキング、梱包、仕分け、配送など、物流業務に対応する人材を提供。,人材サービス,物流関連の人材派遣サービスを提供する業種
309,医療・福祉人材派遣サービス,病院、介護施設、訪問介護事業所などに対して、看護師、介護士、理学療法士など、医療・福祉系の資格を持つ人材を派遣する業界。,人材サービス,医療および福祉分野の人材派遣サービスを提供する業種
310,人材紹介サービス,企業と求職者をマッチングし、転職や就職を支援する業界。求人情報の提供、候補者のスクリーニング、採用支援など、企業の採用活動をサポート。,人材サービス,各分野での人材紹介サービスを提供する業種
311,電話機製造,固定電話や携帯電話などの電話機を製造する業界。家庭用電話機、ビジネス用電話システム、IP電話、通信インフラ機器などを提供。,エレクトロニクス,電話機の製造および販売を行う業種
312,パソコン販売および修理,パソコン本体や周辺機器の販売、修理を行う業界。デスクトップPC、ノートPC、タブレットの販売、修理、アップグレードサービスを提供。,エレクトロニクス,パソコンの販売および修理サービスを提供する業種
313,携帯電話および通信回線代理店,携帯電話やスマートフォンの販売、通信回線の契約手続きを行う業界。キャリアショップ、家電量販店などで、携帯キャリアの契約、スマートフォンの販売、通信プランの提案を行う。,エレクトロニクス,携帯電話および通信回線の販売代理サービスを提供する業種
314,スマートフォン製造および修理,スマートフォンの製造や修理を行う業界。最新のスマートフォン技術を開発し、故障したデバイスの修理を提供。,エレクトロニクス,スマートフォンの製造および修理サービスを提供する業種
315,通信回線提供,インターネット回線、固定電話回線、携帯電話回線などの通信サービスを提供する業界。高速かつ信頼性の高い通信回線を通じて、インターネット接続、データ通信、VoIPサービスなどを提供。,通信,通信回線の提供および管理サービスを提供する業種
316,パソコン・スマホ周辺機器製造,パソコンやスマートフォン用の周辺機器を製造する業界。マウス、キーボード、プリンター、モニター、充電器など、多様なアクセサリーを提供。,エレクトロニクス,パソコンおよびスマートフォンの周辺機器の製造と販売を行う業種
317,パソコン製造,パソコン本体を製造する業界。デスクトップPC、ノートPC、サーバー、ワークステーションなど、多様な用途のコンピュータを提供。,エレクトロニクス,パソコンの製造および販売を行う業種
318,マンション賃貸,マンションの賃貸物件を紹介・仲介する業界。不動産会社や賃貸仲介サイトを通じて、賃貸物件の管理、入居者募集、賃貸契約のサポートを行う。,不動産,マンションの賃貸サービスを提供する業種
319,マンション売買,マンションの売買物件を紹介・仲介する業界。不動産会社を通じて、物件の査定、販売、購入手続きのサポート、ローンのアレンジなどを提供。,不動産,マンションの売買サービスを提供する業種
320,戸建住宅売買,一戸建て住宅の売買物件を紹介・仲介する業界。不動産会社を通じて、物件の評価、販売活動、購入プロセスのサポートなどを行う。,不動産,戸建住宅の売買サービスを提供する業種
321,レンタルスペース提供,会議室、イベントスペース、撮影スタジオなどのスペースを時間単位で貸し出す業界。多目的ルーム、会議室、パーティースペース、ワークショップ用スペースなど、多様なニーズに応える。,不動産,レンタルスペースの提供サービスを行う業種
322,戸建住宅賃貸,一戸建て住宅の賃貸物件を紹介・仲介する業界。不動産会社などを通じて、賃貸物件の管理、入居者の募集、賃貸契約のサポートを行う。,不動産,戸建住宅の賃貸サービスを提供する業種
323,事業用物件およびビル売買,オフィスビル、店舗、工場などの事業用物件やビルの売買物件を紹介・仲介する業界。商業用物件の評価、取引の調整、法的手続きのサポートなど、事業用不動産の売買を支援。,不動産,事業用物件やビルの売買サービスを提供する業種
324,土地売買および賃貸,土地の売買や賃貸物件を紹介・仲介する業界。不動産会社などを通じて、土地の評価、取引のサポート、法的手続きの支援を提供。,不動産,土地の売買および賃貸サービスを提供する業種
325,マンションおよびビル管理,マンションやビルの管理業務を行う業界。清掃、設備点検、修繕、管理組合運営サポートなど、施設のメンテナンスや管理を行う。,不動産,マンションおよびビルの管理サービスを提供する業種
326,事業用物件およびビル賃貸,オフィスビル、店舗、工場などの事業用物件やビルの賃貸物件を紹介・仲介する業界。不動産会社などを通じて、物件の賃貸管理、テナントの募集、賃貸契約のサポートを行う。,不動産,事業用物件やビルの賃貸サービスを提供する業種
327,駐車場運営および管理,駐車場の運営管理を行う業界。駐車スペースの提供、駐車料金の管理、セキュリティ対策など、効率的な駐車場運営をサポート。,不動産,駐車場の運営および管理サービスを提供する業種
328,不動産賃貸および仲介,不動産の賃貸や仲介を行う業界。物件の賃貸、購入、売却をサポートし、契約の調整や法的手続きの支援を提供。,不動産,不動産の賃貸および仲介サービスを提供する業種
329,不動産開発,不動産の開発、販売、管理を行う業界。住宅地の開発、商業施設の建設、投資用物件の管理など、多様な不動産プロジェクトを提供。,不動産,不動産開発とプロジェクト管理を行う業種
